,tree_tag_u,tree_tag,code,Species,Family,date,day,buds,bud_sex,hflrs,fflrs,mflrs,sex_system,sex_of_flrs,morph,scent,fermented,fruity,spicy,sweet,unscented,rotten,reward,ob_start,ob_end,ob_time_min,obs_time_hr,ants,bees,beetles,butterflies,neo_dipt,dipt,wasps,bees_wasps,birds,cockroaches,bugs,grasshoppers,thrips,snails
1,195596,195596,ALEX,Crotogynopsis_korupensis,Euphorbiaceae,3/6/16,6,NA,,NA,NA,,dioecious,m,0,sweet,0,0,0,1,0,0,n,9:30,10:00,30,0.5,2,0,0,0,0,0,0,0,0,0,0,0,0,0
2,20_ALEX,20_ALEX,ALEX,Crotogynopsis_korupensis,Euphorbiaceae,3/6/16,6,NA,,NA,NA,,dioecious,m,0,sweet,0,0,0,1,0,0,n,13:48,14:02,15,0.25,9,0,0,0,0,0,0,0,0,0,0,0,0,0
3,226660,226660,ALEX,Crotogynopsis_korupensis,Euphorbiaceae,3/6/16,6,47,,NA,NA,175,dioecious,m,0,sweet,0,0,0,1,0,0,n,13:58,14:13,15,0.25,0,1,1,0,0,0,0,1,0,0,0,0,0,0
4,226149,226149,ALEX,Crotogynopsis_korupensis,Euphorbiaceae,3/6/16,6,78,,NA,NA,564,dioecious,m,0,sweet,0,0,0,1,0,0,n,14:45,15:00,15,0.25,15,2,2,0,0,0,0,2,0,0,0,0,0,0
5,226265,226265,ALEX,Crotogynopsis_korupensis,Euphorbiaceae,3/6/16,6,NA,,NA,NA,,dioecious,,0,sweet,0,0,0,1,0,0,n,15:07,15:22,30,0.5,0,10,0,0,0,0,0,10,0,0,0,0,0,0
6,226138_2,226138,ALEX,Crotogynopsis_korupensis,Euphorbiaceae,3/7/16,7,NA,,NA,73,,dioecious,f,0,sweet,0,0,0,1,0,0,n,7:55,8:10,15,0.25,0,0,0,0,0,0,0,0,0,0,0,0,0,0
7,226138,226138,ALEX,Crotogynopsis_korupensis,Euphorbiaceae,3/6/16,6,12,,NA,73,,dioecious,f,0,sweet,0,0,0,1,0,0,n,15:09,15:24,30,0.5,0,2,0,0,0,0,0,2,0,0,0,0,0,0
8,226265_2,226265,ALEX,Crotogynopsis_korupensis,Euphorbiaceae,3/7/16,7,170,,NA,NA,680,dioecious,m,0,sweet,0,0,0,1,0,0,n,8:11,8:26,15,0.25,0,0,0,0,0,0,0,0,1,0,0,0,0,0
9,216135,216135,ALEX,Crotogynopsis_korupensis,Euphorbiaceae,3/10/16,10,0,,NA,NA,252,dioecious,m,0,sweet,0,0,0,1,0,0,n,11:30,12:00,30,0.5,0,0,0,0,0,0,0,0,0,0,0,0,0,0
10,216113,216113,ALEX,Crotogynopsis_korupensis,Euphorbiaceae,3/10/16,10,0,,NA,NA,120,dioecious,m,0,sweet,0,0,0,1,0,0,n,10:08,10:38,30,0.5,1,0,0,0,0,2,0,0,0,0,0,0,0,0
11,216133,216133,ALEX,Crotogynopsis_korupensis,Euphorbiaceae,3/10/16,10,0,,NA,NA,206,dioecious,m,0,sweet,0,0,0,1,0,0,n,11:30,12:00,30,0.5,0,0,1,0,0,0,0,0,0,0,0,0,0,0
12,308196,308196,ALEX,Crotogynopsis_korupensis,Euphorbiaceae,3/12/16,12,0,,NA,84,,dioecious,f,0,sweet,0,0,0,1,0,0,n,11:00,11:30,30,0.5,0,0,0,0,0,0,0,0,0,0,0,0,0,0
13,3810408,3810408,ALEX,Crotogynopsis_korupensis,Euphorbiaceae,3/12/16,12,0,,NA,NA,46,dioecious,m,0,sweet,0,0,0,1,0,0,n,9:45,10:30,45,0.75,0,0,0,0,0,0,0,0,0,0,0,0,0,0
14,3820056,3820056,ALEX,Crotogynopsis_korupensis,Euphorbiaceae,3/12/16,12,0,,NA,NA,237,dioecious,m,0,sweet,0,0,0,1,0,0,n,9:45,10:30,45,0.75,2,0,0,0,0,1,0,0,0,0,0,0,0,0
15,306193,306193,ALEX,Crotogynopsis_korupensis,Euphorbiaceae,3/12/16,12,55,,NA,NA,37,dioecious,m,0,sweet,0,0,0,1,0,0,n,11:00,11:30,30,0.5,0,0,0,0,0,0,0,0,0,0,0,0,0,0
16,104452,104452,ANTA,Agylocalyx_oligophyllus,Fabaceae,3/9/16,9,NA,,NA,NA,,hermaphrodite,h,1,sweet,0,0,0,1,0,0,n,11:30,12:00,30,0.5,30,0,0,0,0,0,0,0,0,0,0,0,0,0
17,261353,261353,ANTA,Agylocalyx_oligophyllus,Fabaceae,3/11/16,11,9,,2,NA,,hermaphrodite,h,1,none,0,0,0,0,1,0,n,10:35,10:50,15,0.25,2,0,0,0,0,0,0,0,0,0,0,0,0,0
18,176650,176650,ANTA,Agylocalyx_oligophyllus,Fabaceae,3/9/16,9,NA,,NA,NA,,hermaphrodite,h,1,none,0,0,0,0,1,0,n,9:47,10:58,50,0.833333333,5,0,0,0,0,1,1,1,0,0,0,0,0,0
19,185535,185535,ANTA,Agylocalyx_oligophyllus,Fabaceae,3/4/16,4,21,,1,NA,,hermaphrodite,h,1,none,0,0,0,0,1,0,n,11:09,11:24,15,0.25,2,0,0,0,0,0,0,0,0,0,0,0,0,0
20,196297,196297,ANTA,Agylocalyx_oligophyllus,Fabaceae,3/4/16,4,NA,,NA,NA,,hermaphrodite,h,1,none,0,0,0,0,1,0,n,13:45,14:00,15,0.25,0,0,0,0,0,0,0,0,0,0,0,0,0,0
21,85071,85071,ANTA,Agylocalyx_oligophyllus,Fabaceae,3/10/16,10,9,,3,NA,,hermaphrodite,h,1,none,0,0,0,0,1,0,n,13:40,14:10,30,0.5,0,1,0,0,0,0,0,1,0,0,0,0,0,0
22,291004,291004,ANTA,Agylocalyx_oligophyllus,Fabaceae,3/11/16,11,27,,4,NA,,hermaphrodite,h,1,none,0,0,0,0,1,0,n,10:30,11:00,30,0.5,2,0,0,0,0,0,0,0,0,0,0,0,0,0
23,396139,396139,ANTA,Agylocalyx_oligophyllus,Fabaceae,3/12/16,12,24,,7,NA,,hermaphrodite,h,1,none,0,0,0,0,1,0,n,12:05,12:35,30,0.5,22,0,0,0,0,0,0,0,0,0,0,0,0,0
24,134031,134031,ANTA,Agylocalyx_oligophyllus,Fabaceae,3/9/16,9,NA,,NA,NA,,hermaphrodite,h,1,none,0,0,0,0,1,0,n,12:40,13:10,30,0.5,20,0,0,0,0,6,0,0,0,0,0,0,0,0
25,196441,196441,ANTA,Agylocalyx_oligophyllus,Fabaceae,3/9/16,9,NA,,NA,NA,,hermaphrodite,h,1,none,0,0,0,0,1,0,n,9:40,10:10,30,0.5,30,0,0,0,0,0,0,0,0,0,0,0,0,0
26,185342,185342,ANTA,Agylocalyx_oligophyllus,Fabaceae,3/21/16,21,30,,15,NA,,hermaphrodite,h,1,none,0,0,0,0,1,0,n,10:18,10:48,30,0.5,20,0,0,0,0,1,0,0,0,0,0,0,0,0
27,144616,144616,ANTA,Agylocalyx_oligophyllus,Fabaceae,3/9/16,9,NA,,NA,NA,,hermaphrodite,h,1,none,0,0,0,0,1,0,n,11:07,11:38,30,0.5,3,1,0,0,0,0,0,1,0,0,0,0,0,0
28,173719,173719,COAT,Cola_mamboana,Malvaceae,3/14/16,14,336,,NA,76,0,monecious,f,0,fermented,1,0,0,0,0,0,n,11:40,12:10,30,0.5,0,0,0,0,0,0,0,0,0,0,0,0,0,0
29,1720071,1720071,COAT,Cola_mamboana,Malvaceae,3/14/16,14,137,,NA,0,31,monecious,m,0,fermented,1,0,0,0,0,0,n,11:00,11:30,30,0.5,0,0,1,0,0,1,0,0,0,0,0,0,0,0
30,195293,195293,COAT,Cola_mamboana,Malvaceae,3/14/16,14,100,,NA,0,45,monecious,m,0,fermented,1,0,0,0,0,0,n,13:25,13:55,15,0.25,2,0,1,0,1,2,0,0,0,0,3,0,0,0
31,195594,195594,COAT,Cola_mamboana,Malvaceae,3/14/16,14,320,,NA,20,0,monecious,f,0,fermented,1,0,0,0,0,0,n,14:18,14:50,30,0.5,1,0,1,0,1,1,0,0,0,0,0,0,0,0
32,244967_2,244967,COAT,Cola_mamboana,Malvaceae,3/16/16,16,360,,NA,NA,,monecious,,0,fermented,1,0,0,0,0,0,n,15:10,15:25,15,0.25,0,0,4,0,0,0,0,0,0,0,1,0,0,0
33,244967,244967,COAT,Cola_mamboana,Malvaceae,3/14/16,14,360,,NA,193,131,monecious,b,0,fermented,1,0,0,0,0,0,n,13:38,14:08,45,0.75,0,3,3,0,0,5,0,3,0,0,0,0,0,0
34,280288,280288,COAT,Cola_mamboana,Malvaceae,3/15/16,15,600,,NA,336,240,monecious,b,0,fermented,1,0,0,0,0,0,n,10:15,10:45,30,0.5,0,1,1,0,0,0,0,1,0,0,0,0,0,0
35,280294,280294,COAT,Cola_mamboana,Malvaceae,3/15/16,15,4000,,NA,0,1600,monecious,m,0,fermented,1,0,0,0,0,0,n,10:22,10:52,30,0.5,0,0,1,0,0,4,0,0,0,0,0,0,0,0
36,282994,282994,COAT,Cola_mamboana,Malvaceae,3/15/16,15,732,,NA,488,0,monecious,f,0,fermented,1,0,0,0,0,0,n,14:42,15:12,30,0.5,1,0,1,0,0,5,0,0,0,0,0,0,0,0
37,283086,283086,COAT,Cola_mamboana,Malvaceae,3/15/16,15,203,,NA,85,0,monecious,f,0,fermented,1,0,0,0,0,0,n,14:45,15:15,30,0.5,20,0,2,0,0,0,0,0,0,0,0,0,0,0
38,284333,284333,COAT,Cola_mamboana,Malvaceae,3/15/16,15,1000,,NA,500,0,monecious,f,0,fermented,1,0,0,0,0,0,n,12:27,12:57,30,0.5,4,0,1,0,0,1,0,0,0,0,0,0,0,0
39,284388,284388,COAT,Cola_mamboana,Malvaceae,3/15/16,15,126,,NA,28,18,monecious,b,0,fermented,1,0,0,0,0,0,n,12:30,13:00,30,0.5,0,0,1,0,1,0,0,0,0,0,0,0,0,0
40,284949,284949,COAT,Cola_mamboana,Malvaceae,3/15/16,15,110,,NA,97,49,monecious,b,0,fermented,1,0,0,0,0,0,n,13:25,13:55,30,0.5,3,2,7,0,3,0,0,2,0,0,0,0,0,0
41,285183,285183,COAT,Cola_mamboana,Malvaceae,3/15/16,15,960,,NA,768,0,monecious,f,0,fermented,1,0,0,0,0,0,n,13:23,13:55,30,0.5,0,0,1,0,0,2,0,0,0,0,0,0,0,0
42,161409,161409,COAT,Cola_mamboana,Malvaceae,3/16/16,16,129,,NA,85,27,monecious,b,0,fermented,1,0,0,0,0,0,n,9:35,10:05,30,0.5,1,0,0,0,0,0,0,0,0,0,0,0,0,0
43,85902,85902,COAT,Cola_mamboana,Malvaceae,3/9/16,9,NA,,NA,NA,,monecious,f,0,fermented,1,0,0,0,0,0,n,14:50,15:20,30,0.5,0,0,1,0,0,3,0,0,0,0,1,0,0,0
44,185130,185130,COAT,Cola_mamboana,Malvaceae,3/16/16,16,1400,,NA,1600,0,monecious,f,0,fermented,1,0,0,0,0,0,n,8:36,9:06,30,0.5,0,0,0,0,0,2,0,0,0,0,0,0,0,0
45,356649,356649,COCA,Cola_micrantha,Malvaceae,3/25/16,25,810,,NA,174,74,monecious,b,0,fermented,1,0,0,0,0,0,n,16:00,16:30,30,0.5,3,0,0,0,1,3,0,0,0,0,0,0,0,0
46,381155,381155,COCA,Cola_micrantha,Malvaceae,3/29/16,29,282,,NA,0,260,monecious,m,0,fermented,1,0,0,0,0,0,n,11:57,12:57,60,1,3,0,0,0,0,0,0,0,0,0,0,0,0,0
47,235841,235841,COCA,Cola_micrantha,Malvaceae,3/30/16,30,86,,NA,14,28,monecious,b,0,fermented,1,0,0,0,0,0,n,9:15,10:15,60,1,3,0,4,0,0,2,0,0,0,0,3,0,0,0
48,254182,254182,COCA,Cola_micrantha,Malvaceae,4/2/16,33,87,,NA,95,?,monecious,b,0,fermented,1,0,0,0,0,0,n,13:45,14:00,15,0.25,0,0,1,0,0,0,0,0,0,0,0,0,0,0
49,255499,255499,COCA,Cola_micrantha,Malvaceae,3/30/16,30,240,,NA,216,0,monecious,f,0,fermented,1,0,0,0,0,0,n,14:05,14:35,30,0.5,2,0,1,0,4,8,0,0,0,0,0,0,0,0
50,256486,256486,COCA,Cola_micrantha,Malvaceae,3/30/16,30,100,,NA,45,15,monecious,b,0,fermented,1,0,0,0,0,0,n,16:00,16:15,15,0.25,2,0,1,0,0,6,0,0,0,0,0,0,0,0
51,266359,266359,COCA,Cola_micrantha,Malvaceae,3/30/16,30,254,,NA,49,76,monecious,b,0,fermented,1,0,0,0,0,0,n,13:30,14:30,60,1,0,0,0,0,17,1,0,0,0,0,4,0,0,0
52,266379,266379,COCA,Cola_micrantha,Malvaceae,3/30/16,30,98,,NA,0,42,monecious,m,0,fermented,1,0,0,0,0,0,n,13:25,13:55,30,0.5,0,0,0,0,2,1,0,0,0,0,0,0,0,0
53,276036,276036,COCA,Cola_micrantha,Malvaceae,3/30/16,30,165,,NA,9,15,monecious,b,0,fermented,1,0,0,0,0,0,n,16:00,16:30,60,1,3,0,0,0,0,2,0,0,0,0,0,0,0,0
54,276323,276323,COCA,Cola_micrantha,Malvaceae,3/30/16,30,149,,NA,58,65,monecious,b,0,fermented,1,0,0,0,0,0,n,11:00,12:00,60,1,0,0,1,0,4,8,0,0,0,0,6,0,0,0
55,286748,286748,COCA,Cola_micrantha,Malvaceae,3/30/16,30,304,,NA,116,0,monecious,f,0,fermented,1,0,0,0,0,0,n,10:50,11:50,60,1,9,0,3,0,0,13,0,0,0,0,0,0,0,0
56,214986,214986,COCA,Cola_micrantha,Malvaceae,3/31/16,31,96,,NA,49,0,monecious,f,0,fermented,1,0,0,0,0,0,n,11:50,12:35,45,0.75,1,0,1,0,2,1,0,0,0,0,0,0,0,0
57,396257,396257,CODI,Cola_digitata,Malvaceae,3/22/16,22,7,,NA,1,3,monecious,b,0,fruity,0,1,0,0,0,0,t,10:44,11:14,60,1,4,0,2,0,0,0,0,0,0,0,0,0,0,0
58,291006,291006,CODI,Cola_digitata,Malvaceae,3/30/16,30,0,,NA,1,1,monecious,b,0,fruity,0,1,0,0,0,0,t,11:02,11:32,30,0.5,0,0,0,0,0,0,0,0,0,0,0,0,0,0
59,351703,351703,CODI,Cola_digitata,Malvaceae,3/25/16,25,18,,NA,3,0,monecious,f,0,fruity,0,1,0,0,0,0,t,12:08,12:53,45,0.75,2,0,0,0,0,1,0,0,0,0,0,0,0,0
60,30-25-2,30-25-2,CODI,Cola_digitata,Malvaceae,4/2/16,33,2,,NA,1,2,monecious,b,0,fruity,0,1,0,0,0,0,t,14:24,14:55,30,0.5,0,0,1,0,0,0,0,0,0,0,0,0,0,0
61,293447,293447,CODI,Cola_digitata,Malvaceae,3/30/16,30,3,,NA,1,2,monecious,b,0,fruity,0,1,0,0,0,0,t,11:41,12:11,30,0.5,0,0,0,0,0,0,0,0,0,0,0,0,0,0
62,312401,312401,CODI,Cola_digitata,Malvaceae,4/3/16,34,1,,NA,0,3,monecious,m,0,fruity,0,1,0,0,0,0,t,11:45,13:00,75,1.25,0,0,2,0,0,0,0,0,0,0,0,0,0,0
63,396433,396433,CODI,Cola_digitata,Malvaceae,3/22/16,22,13,,NA,0,4,monecious,m,0,fruity,0,1,0,0,0,0,t,10:40,11:10,30,0.5,0,0,0,0,0,0,0,0,0,0,0,0,0,0
64,312406,312406,CODI,Cola_digitata,Malvaceae,4/3/16,34,2,,NA,0,1,monecious,m,0,fruity,0,1,0,0,0,0,t,11:57,12:12,15,0.25,0,0,0,0,0,0,0,0,0,0,0,0,0,0
65,3810524,3810524,CODI,Cola_digitata,Malvaceae,4/3/16,34,6,,NA,0,2,monecious,m,0,fruity,0,1,0,0,0,0,t,15:49,16:34,45,0.75,0,0,2,0,0,1,0,0,0,0,0,0,0,0
66,306320,306320,CODI,Cola_digitata,Malvaceae,4/4/16,35,2,,NA,2,3,monecious,b,0,fruity,0,1,0,0,0,0,t,13:28,13:58,30,0.5,2,0,2,0,0,0,0,0,0,0,0,0,0,0
67,30-25-1,30-25-1,CODI,Cola_digitata,Malvaceae,4/4/16,35,2,,NA,1,2,monecious,b,0,fruity,0,1,0,0,0,0,n,13:32,13:47,15,0.25,0,0,2,0,0,0,0,0,0,0,0,0,0,0
68,386166,386166,CODI,Cola_digitata,Malvaceae,4/3/16,34,3,,NA,1,2,monecious,b,0,fruity,0,1,0,0,0,0,n,15:49,16:34,45,0.75,0,0,5,0,0,2,0,0,0,0,0,0,0,0
69,371461,371461,COLE,Cola_lepidota,Malvaceae,3/23/16,23,178,,NA,1,9,monecious,b,0,fermented,1,0,0,0,0,0,n,11:30,12:15,45,0.75,3,0,0,0,0,6,0,0,0,0,0,0,0,1
70,351477,351477,COLE,Cola_lepidota,Malvaceae,3/24/16,24,40,,NA,34,102,monecious,b,0,fermented,1,0,0,0,0,0,n,10:45,11:00,15,0.25,0,0,1,0,2,2,0,0,0,0,1,0,0,0
71,340769,340769,COLE,Cola_lepidota,Malvaceae,3/27/16,27,270,,NA,7,245,monecious,b,0,fermented,1,0,0,0,0,0,n,15:17,15:47,30,0.5,0,0,1,0,3,9,0,0,0,0,1,0,0,0
72,340769_2,340769,COLE,Cola_lepidota,Malvaceae,3/25/16,25,6360,,NA,80,240,monecious,b,0,fermented,1,0,0,0,0,0,n,9:19,10:19,60,1,9,0,3,0,9,33,0,0,0,1,1,0,0,0
73,371448,371448,COLE,Cola_lepidota,Malvaceae,3/28/16,28,200,,NA,1,80,monecious,b,0,fermented,1,0,0,0,0,0,n,11:50,12:20,30,0.5,0,1,0,0,2,3,0,1,0,0,0,0,0,1
74,371448_2,371448,COLE,Cola_lepidota,Malvaceae,3/15/16,15,150,,NA,0,4,monecious,m,0,fermented,1,0,0,0,0,0,n,11:30,12:00,30,0.5,0,0,0,0,1,0,0,0,0,0,0,0,0,0
75,361395,361395,COLE,Cola_lepidota,Malvaceae,3/25/16,25,1440,,NA,3,99,monecious,b,0,fermented,1,0,0,0,0,0,n,10:20,11:20,60,1,0,0,0,0,0,9,0,0,0,0,0,0,0,0
76,361410,361410,COLE,Cola_lepidota,Malvaceae,3/15/16,15,300,,NA,0,9,monecious,m,0,fermented,1,0,0,0,0,0,n,12:07,12:37,30,0.5,0,0,0,0,0,0,0,0,0,0,0,0,0,0
77,361410_2,361410,COLE,Cola_lepidota,Malvaceae,3/25/16,25,832,,NA,3,141,monecious,b,0,fermented,1,0,0,0,0,0,n,10:20,11:20,60,1,0,0,0,0,8,11,0,0,0,0,0,0,0,0
78,390059,390059,COLE,Cola_lepidota,Malvaceae,3/28/16,28,1612,,NA,0,62,monecious,m,0,fermented,1,0,0,0,0,0,n,9:30,10:00,30,0.5,0,0,1,0,5,3,0,0,0,0,0,0,0,0
79,390038,390038,COLE,Cola_lepidota,Malvaceae,4/1/16,32,630,,NA,NA,,monecious,?,0,fermented,1,0,0,0,0,0,n,9:05,9:20,15,0.25,0,3,1,0,0,1,0,3,0,0,0,0,0,0
80,390302,390302,COLE,Cola_lepidota,Malvaceae,3/28/16,28,3128,,NA,0,81,monecious,m,0,fermented,1,0,0,0,0,0,n,9:30,10:00,30,0.5,0,0,1,0,3,3,0,0,0,0,0,0,0,0
81,390059_2,390059,COLE,Cola_lepidota,Malvaceae,4/1/16,32,252,,NA,1,109,monecious,b,0,fermented,1,0,0,0,0,0,n,9:00,9:15,15,0.25,0,0,0,0,12,10,0,0,0,0,0,0,0,0
82,3510316,3510316,CONS,Cola_suboppositifolia,Malvaceae,3/22/16,22,116,,NA,0,50,monecious,m,0,fermented,1,0,0,0,0,0,n,15:20,16:05,45,0.75,0,0,0,0,1,8,0,0,0,0,0,0,0,0
83,373498,373498,CONS,Cola_suboppositifolia,Malvaceae,3/23/16,23,192,,NA,0,40,monecious,m,0,fermented,1,0,0,0,0,0,n,13:45,14:30,45,0.75,0,0,0,0,2,10,0,0,0,0,0,0,0,0
84,381167,381167,CONS,Cola_suboppositifolia,Malvaceae,3/23/16,23,55,,NA,7,16,monecious,b,0,fermented,1,0,0,0,0,0,n,11:31,12:15,45,0.75,0,0,0,0,0,12,0,0,0,0,0,0,0,0
85,352837,352837,CONS,Cola_suboppositifolia,Malvaceae,3/27/16,26,47,,NA,8,0,monecious,f,0,fermented,1,0,0,0,0,0,n,15:30,16:15,45,0.75,3,0,0,0,0,1,1,1,0,0,0,0,0,0
86,370465,370465,CONS,Cola_suboppositifolia,Malvaceae,3/28/16,28,21,,NA,1,2,monecious,b,0,fermented,1,0,0,0,0,0,n,13:25,13:55,30,0.5,0,0,0,0,1,3,0,0,0,0,0,0,0,0
87,381167_2,381167,CONS,Cola_suboppositifolia,Malvaceae,3/28/16,28,25,,NA,4,0,monecious,f,0,fermented,1,0,0,0,0,0,n,11:35,12:50,75,1.25,3,2,0,0,0,7,0,2,0,0,0,0,0,0
88,373583,373583,CONS,Cola_suboppositifolia,Malvaceae,3/23/16,23,94,,NA,3,42,monecious,b,0,fermented,1,0,0,0,0,0,n,13:25,13:40,15,0.25,2,0,0,0,0,9,0,0,0,0,0,0,0,0
89,39_outsideplot,39_outsideplot,CONS,Cola_suboppositifolia,Malvaceae,3/28/16,28,15,,NA,0,3,monecious,m,0,fermented,1,0,0,0,0,0,n,11:25,12:05,40,0.666666667,0,0,1,0,0,2,0,0,0,0,0,0,0,0
90,390863,390863,CONS,Cola_suboppositifolia,Malvaceae,3/22/16,22,36,,NA,2,0,monecious,f,0,fermented,1,0,0,0,0,0,n,15:14,15:29,15,0.25,1,1,0,0,0,4,0,1,0,0,0,0,0,0
91,390863_2,390863,CONS,Cola_suboppositifolia,Malvaceae,3/28/16,28,0,,NA,1,1,monecious,b,0,fermented,1,0,0,0,0,0,n,12:52,13:37,45,0.75,0,0,0,0,0,12,0,0,0,0,0,0,0,0
92,381166,381166,CONS,Cola_suboppositifolia,Malvaceae,3/29/16,29,13,,NA,1,8,monecious,b,0,fermented,1,0,0,0,0,0,n,13:20,14:05,45,0.75,0,0,0,0,0,4,0,0,0,0,0,0,0,0
93,381395,381395,CONS,Cola_suboppositifolia,Malvaceae,3/29/16,29,9,,NA,2,5,monecious,b,0,fermented,1,0,0,0,0,0,n,11:55,12:55,60,1,0,0,0,0,0,7,0,0,0,0,0,0,0,0
94,286062,286062,COSE,Cola_semecarpophylla,Malvaceae,3/17/16,17,7,,NA,1,0,monecious,f,0,carrion,0,0,0,0,0,1,d,11:13,11:28,15,0.25,0,0,0,0,0,0,0,0,0,0,0,0,0,0
95,391442,391442,COSE,Cola_semecarpophylla,Malvaceae,3/29/16,29,58,,NA,0,21,monecious,m,0,carrion,0,0,0,0,0,1,d,13:30,14:00,30,0.5,0,0,0,0,0,0,0,0,0,0,0,0,0,0
96,371231,371231,COSE,Cola_semecarpophylla,Malvaceae,3/29/16,29,45,,NA,2,0,monecious,f,0,carrion,0,0,0,0,0,1,d,11:45,12:15,30,0.5,0,0,0,0,0,0,0,0,0,0,0,0,0,0
97,371863,371863,COSE,Cola_semecarpophylla,Malvaceae,3/31/16,31,120,,NA,10,8,monecious,b,0,carrion,0,0,0,0,0,1,d,11:08,11:38,30,0.5,0,0,0,0,2,1,0,0,0,0,0,0,0,0
98,381257,381257,COSE,Cola_semecarpophylla,Malvaceae,3/31/16,31,19,,NA,0,22,monecious,m,0,carrion,0,0,0,0,0,1,d,13:46,14:16,30,0.5,0,0,0,0,0,4,0,0,0,0,0,0,0,0
99,391273,391273,COSE,Cola_semecarpophylla,Malvaceae,4/1/16,32,235,,NA,0,47,monecious,m,0,carrion,0,0,0,0,0,1,d,12:52,13:22,30,0.5,0,0,0,0,7,2,0,0,0,0,1,0,0,0
100,321594,321594,COSE,Cola_semecarpophylla,Malvaceae,4/3/16,34,62,,NA,4,12,monecious,b,0,carrion,0,0,0,0,0,1,d,11:55,12:40,75,1.25,0,0,0,0,0,3,0,0,0,0,0,0,0,0
101,371863_2,371863,COSE,Cola_semecarpophylla,Malvaceae,4/3/16,34,90,,NA,4,16,monecious,b,0,carrion,0,0,0,0,0,1,d,14:00,14:30,30,0.5,0,0,0,0,0,2,0,0,0,0,0,0,0,0
102,361246,361246,COSE,Cola_semecarpophylla,Malvaceae,3/29/16,29,46,,NA,0,11,monecious,m,0,carrion,0,0,0,0,0,1,d,12:18,12:48,30,0.5,0,0,0,0,0,0,0,0,0,0,0,0,0,0
103,123008,123008,COSE,Cola_semecarpophylla,Malvaceae,3/5/16,5,NA,,NA,NA,,monecious,,0,carrion,0,0,0,0,0,1,d,13:55,14:25,30,0.5,0,0,0,0,0,0,0,0,0,0,0,0,0,0
104,124859,124859,COSE,Cola_semecarpophylla,Malvaceae,3/9/16,9,NA,,NA,NA,,monecious,m,0,carrion,0,0,0,0,0,1,d,11:50,12:05,15,0.25,0,0,0,0,0,0,0,0,0,0,0,0,0,0
105,123816,123816,COSE,Cola_semecarpophylla,Malvaceae,3/4/16,4,NA,,NA,NA,,monecious,,0,carrion,0,0,0,0,0,1,d,14:35,14:50,15,0.25,0,0,0,0,0,0,0,0,0,0,0,0,0,0
106,390861,390861,COSE,Cola_semecarpophylla,Malvaceae,4/3/16,34,67,,NA,1,38,monecious,b,0,carrion,0,0,0,0,0,1,d,13:40,14:20,30,0.5,0,0,0,0,2,0,0,0,0,0,0,0,0,0
107,92258,92258,COSE,Cola_semecarpophylla,Malvaceae,3/3/16,3,NA,,NA,NA,,monecious,,0,carrion,0,0,0,0,0,1,d,11:10,11:25,15,0.25,0,0,0,0,0,0,0,0,0,0,0,0,0,0
108,3110197,3110197,COSE,Cola_semecarpophylla,Malvaceae,4/3/16,34,89,,NA,10,0,monecious,f,0,carrion,0,0,0,0,0,1,d,11:22,12:40,45,0.75,3,0,0,0,3,0,0,0,0,0,0,0,0,0
109,85400,85400,COAT,Cola_mamboana,Malvaceae,3/9/16,9,NA,,NA,NA,,monecious,,0,fermented,1,0,0,0,0,0,n,13:13,13:43,15,0.25,0,0,1,0,0,0,0,0,0,0,0,0,0,0
110,185636,185636,DIPR,Diospyros_preussi,Ebenaceae,3/6/16,6,NA,,NA,NA,,dioecious-monecious,,1,sweet,0,0,0,1,0,0,n,10:36,10:51,15,0.25,14,0,0,0,0,0,0,0,0,0,0,0,0,0
111,3210581,3210581,DIPR,Diospyros_preussi,Ebenaceae,3/12/16,12,183,,NA,NA,5,dioecious-monecious,m,1,sweet,0,0,0,1,0,0,n,14:15,14:30,15,0.25,1,0,0,0,0,4,0,0,0,0,0,0,0,0
112,76322,76322,DIPR,Diospyros_preussi,Ebenaceae,3/9/16,9,NA,,NA,NA,,dioecious-monecious,b,1,sweet,0,0,0,1,0,0,n,14:55,15:10,15,0.25,0,0,0,0,0,0,0,0,0,0,0,0,0,0
113,185609,185609,DIPR,Diospyros_preussi,Ebenaceae,3/5/16,5,74,,NA,1,3,dioecious-monecious,b,1,sweet,0,0,0,1,0,0,n,9:00,10:52,45,0.75,3,6,0,0,0,0,0,6,0,0,0,0,0,0
114,321354,321354,DIPR,Diospyros_preussi,Ebenaceae,3/11/16,11,28,,NA,3,3,dioecious-monecious,b,1,sweet,0,0,0,1,0,0,n,11:25,12:28,60,1,2,0,0,0,0,0,0,0,0,0,1,0,0,0
115,350498,350498,DIPR,Diospyros_preussi,Ebenaceae,3/15/16,15,85,80m/5f,NA,0,5,dioecious-monecious,m,1,sweet,0,0,0,1,0,0,n,10:40,10:55,15,0.25,0,6,0,0,0,0,0,6,0,0,0,0,0,0
116,296696,296696,DIPR,Diospyros_preussi,Ebenaceae,3/17/16,17,71,f,NA,15,0,dioecious-monecious,f,1,sweet,0,0,0,1,0,0,n,9:00,9:30,30,0.5,1,2,0,0,0,0,0,2,0,0,0,0,0,0
117,3616898,3616898,DIPR,Diospyros_preussi,Ebenaceae,3/23/16,23,NA,,NA,NA,,dioecious-monecious,,1,sweet,0,0,0,1,0,0,n,11:09,11:11,15,0.25,1,1,0,0,1,2,0,1,0,0,0,0,0,0
118,215712,215712,DIPR,Diospyros_preussi,Ebenaceae,3/10/16,10,14,,NA,1,1,dioecious-monecious,f,1,sweet,0,0,0,1,0,0,n,9:25,9:55,30,0.5,2,0,0,0,0,0,0,0,0,0,0,0,0,0
119,195911,195911,DIPR,Diospyros_preussi,Ebenaceae,3/9/16,9,NA,,NA,NA,,dioecious-monecious,,1,sweet,0,0,0,1,0,0,n,9:20,10:20,60,1,0,2,0,0,0,0,0,2,0,0,0,0,0,0
120,294644,294644,DIPR,Diospyros_preussi,Ebenaceae,3/17/16,17,280,,NA,NA,6,dioecious-monecious,m,1,sweet,0,0,0,1,0,0,n,10:04,10:34,30,0.5,0,0,1,0,0,1,0,0,0,0,0,0,0,0
121,271775,271775,DRY3,Drypetes_molunduana,Putranjivaceae,3/19/16,19,7,,NA,NA,29,dioecious,m,0,fermented,1,0,0,0,0,0,n,9:47,10:17,30,0.5,0,8,0,0,2,8,0,8,0,0,0,0,0,0
122,196403,196403,DRY3,Drypetes_molunduana,Putranjivaceae,3/19/16,19,14,,NA,60,,dioecious,f,0,fermented,1,0,0,0,0,0,n,16:25,16:40,15,0.25,0,0,0,0,0,2,0,0,0,0,0,0,0,0
123,241862,241862,DRY3,Drypetes_molunduana,Putranjivaceae,3/20/16,20,81,,NA,NA,65,dioecious,m,0,fermented,1,0,0,0,0,0,n,12:30,13:15,45,0.75,1,2,2,1,3,7,0,2,0,0,1,0,0,0
124,196403_2,196403,DRY3,Drypetes_molunduana,Putranjivaceae,3/20/16,20,14,,NA,60,,dioecious,f,0,fermented,1,0,0,0,0,0,n,8:45,9:15,30,0.5,36,0,0,0,4,4,0,0,0,0,0,0,0,0
125,196403_3,196403,DRY3,Drypetes_molunduana,Putranjivaceae,3/21/16,21,5,,NA,80,,dioecious,f,0,fermented,1,0,0,0,0,0,n,13:14,13:44,30,0.5,36,0,0,0,0,2,0,0,0,0,0,0,0,0
126,391302,391302,DRY3,Drypetes_molunduana,Putranjivaceae,3/22/16,22,2,,NA,NA,6,dioecious,m,0,fermented,1,0,0,0,0,0,n,14:30,14:45,15,0.25,0,0,1,0,0,0,0,0,0,0,0,0,0,0
127,96040,96040,JOLY,Jollydora_duparquetiana,Connaraceae,3/9/16,9,NA,,NA,NA,,hermaphrodite-monecious,b,1,sweet,0,0,0,1,0,0,n,13:39,14:09,30,0.5,2,0,1,0,17,1,0,0,0,0,0,0,0,0
128,85057,85057,JOLY,Jollydora_duparquetiana,Connaraceae,3/10/16,10,116,,7,NA,,hermaphrodite-monecious,b,1,sweet,0,0,0,1,0,0,n,14:34,15:06,30,0.5,2,1,0,0,0,1,0,1,0,0,0,0,0,0
129,260200,260200,JOLY,Jollydora_duparquetiana,Connaraceae,3/11/16,11,304,,94,NA,,hermaphrodite-monecious,b,1,sweet,0,0,0,1,0,0,n,9:41,10:14,30,0.5,0,2,1,0,0,2,0,2,0,0,0,0,0,0
130,85230,85230,JOLY,Jollydora_duparquetiana,Connaraceae,3/10/16,10,47,,4,NA,,hermaphrodite-monecious,b,1,sweet,0,0,0,1,0,0,n,14:22,14:52,30,0.5,0,0,1,0,0,0,0,0,0,0,0,0,0,0
131,185735_2,185735,JOLY,Jollydora_duparquetiana,Connaraceae,3/5/16,5,62,,25,NA,,hermaphrodite-monecious,b,1,sweet,0,0,0,1,0,0,n,8:10,9:10,60,1,0,2,0,0,1,0,0,2,0,0,0,0,0,0
132,185735,185735,JOLY,Jollydora_duparquetiana,Connaraceae,3/4/16,4,NA,,NA,NA,,hermaphrodite-monecious,b,1,sweet,0,0,0,1,0,0,n,10:10,10:55,45,0.75,0,4,1,0,0,0,2,6,0,0,0,0,0,0
133,194185,194185,JOLY,Jollydora_duparquetiana,Connaraceae,3/4/16,4,391,,13,NA,,hermaphrodite-monecious,b,1,sweet,0,0,0,1,0,0,n,14:45,15:00,15,0.25,0,0,0,0,0,0,0,0,0,0,0,0,1,0
134,1210623,1210623,JOLY,Jollydora_duparquetiana,Connaraceae,3/5/16,5,408,,28,NA,,hermaphrodite-monecious,b,1,sweet,0,0,0,1,0,0,n,13:00,13:15,15,0.25,0,0,2,0,0,0,0,0,0,0,0,0,4,0
135,304303,304303,JOLY,Jollydora_duparquetiana,Connaraceae,3/7/16,7,153,,102,NA,,hermaphrodite-monecious,b,1,sweet,0,0,0,1,0,0,n,15:12,15:27,15,0.25,5,1,0,0,0,0,0,1,0,0,0,0,0,0
136,213232,213232,JOLY,Jollydora_duparquetiana,Connaraceae,3/8/16,8,504,,84,NA,,hermaphrodite-monecious,b,1,sweet,0,0,0,1,0,0,n,8:48,9:03,15,0.25,0,0,3,0,0,0,0,0,0,0,0,0,0,0
137,185735_3,185735,JOLY,Jollydora_duparquetiana,Connaraceae,3/9/16,9,NA,,NA,NA,,hermaphrodite-monecious,b,1,sweet,0,0,0,1,0,0,n,8:30,9:00,30,0.5,0,3,0,0,0,0,0,3,0,0,1,0,0,0
138,332569,332569,MABA,Maesobotrya_barteri,Phyllanthaceae,4/5/16,36,3640,,NA,NA,520,dioecious,m,0,sweet,0,0,0,1,0,0,n,13:30,14:30,60,1,0,4,1,0,1,6,0,4,0,0,0,0,0,0
139,1910503,1910503,MABA,Maesobotrya_barteri,Phyllanthaceae,4/5/16,36,0,,NA,247,,dioecious,f,0,sweet,0,0,0,1,0,0,n,11:30,12:30,60,1,0,0,5,0,8,4,0,0,0,0,0,0,0,0
140,305636,305636,MABA,Maesobotrya_barteri,Phyllanthaceae,4/4/16,35,160000,,NA,NA,5800,dioecious,m,0,sweet,0,0,0,1,0,0,n,14:43,15:43,60,1,0,5,0,0,0,0,0,5,0,0,1,0,0,0
141,295436,295436,MABA,Maesobotrya_barteri,Phyllanthaceae,4/2/16,33,33600,,NA,NA,2400,dioecious,m,0,sweet,0,0,0,1,0,0,n,11:13,11:43,30,0.5,0,0,0,0,4,5,0,0,0,0,0,0,0,0
142,295392,295392,MABA,Maesobotrya_barteri,Phyllanthaceae,4/2/16,33,0,,NA,135,0,dioecious,f,0,sweet,0,0,0,1,0,0,n,10:32,11:02,30,0.5,10,0,0,0,0,0,0,0,0,0,0,0,0,0
143,285427_2,285427,MABA,Maesobotrya_barteri,Phyllanthaceae,4/2/16,33,0,,NA,226,,dioecious,f,0,sweet,0,0,0,1,0,0,n,12:14,12:59,45,0.75,1,0,2,0,3,1,0,0,0,0,0,0,0,0
144,285427,285427,MABA,Maesobotrya_barteri,Phyllanthaceae,3/30/16,30,0,,NA,1950,,dioecious,f,0,sweet,0,0,0,1,0,0,n,14:05,14:35,30,0.5,1,0,0,0,0,0,0,0,0,0,0,0,0,0
145,295729,295729,MABA,Maesobotrya_barteri,Phyllanthaceae,4/2/16,33,14000,,NA,NA,7000,dioecious,m,0,sweet,0,0,0,1,0,0,n,13:14,13:44,30,0.5,0,1,1,0,1,6,0,1,0,0,0,0,0,0
146,371907,371907,MABA,Maesobotrya_barteri,Phyllanthaceae,4/3/16,34,12505,,NA,NA,3120,dioecious,m,0,sweet,0,0,0,1,0,0,n,14:10,15:10,60,1,0,11,0,0,2,8,2,13,0,0,0,0,0,0
147,396751,396751,MABA,Maesobotrya_barteri,Phyllanthaceae,4/5/16,36,576,,NA,NA,473,dioecious,m,0,sweet,0,0,0,1,0,0,n,9:20,9:50,30,0.5,0,0,1,0,2,0,0,0,0,0,0,0,0,0
148,251278,251278,MADU,Maesobotrya_dunsenii,Phyllanthaceae,3/11/16,11,NA,,NA,NA,,dioecious,f,0,none,0,0,0,0,1,0,n,15:30,15:45,15,0.25,2,0,0,0,0,0,1,1,0,0,0,0,0,0
149,392845,392845,MADU,Maesobotrya_dunsenii,Phyllanthaceae,3/15/16,15,0,,NA,990,,dioecious,f,0,none,0,0,0,0,1,0,n,13:20,13:50,30,0.5,3,1,1,0,0,0,0,1,0,0,0,0,0,0
150,251278_2,251278,MADU,Maesobotrya_dunsenii,Phyllanthaceae,3/16/16,16,6912,,NA,1140,,dioecious,f,0,none,0,0,0,0,1,0,n,11:28,12:28,60,1,0,1,0,0,0,4,5,6,0,0,0,0,0,0
151,305701,305701,MADU,Maesobotrya_dunsenii,Phyllanthaceae,3/17/16,17,2370,,NA,1600,,dioecious,f,0,none,0,0,0,0,1,0,n,9:15,10:15,60,1,3,0,0,0,0,2,3,3,0,0,0,0,0,0
152,354179,354179,MADU,Maesobotrya_dunsenii,Phyllanthaceae,3/25/16,25,500,,NA,NA,161,dioecious,m,0,none,0,0,0,0,1,0,n,14:00,14:30,30,0.5,5,0,0,0,0,0,0,0,0,0,0,0,0,0
153,212354,212354,MADU,Maesobotrya_dunsenii,Phyllanthaceae,3/31/16,31,2000,,NA,1085,,dioecious,f,0,none,0,0,0,0,1,0,n,13:40,13:55,15,0.25,6,0,0,0,0,0,0,0,0,0,1,0,0,0
154,305701_2,305701,MADU,Maesobotrya_dunsenii,Phyllanthaceae,4/4/16,35,8512,,NA,816,0,dioecious,f,0,none,0,0,0,0,1,0,n,14:45,15:45,60,1,0,0,0,0,0,0,0,0,0,0,0,0,0,0
155,193009,193009,OCTI,Cola_flavovelutina,Malvaceae,3/9/16,9,9,,NA,3,1,monecious,b,0,sweet,0,0,0,1,0,0,n,9:08,9:22,15,0.25,6,0,0,0,0,0,0,0,0,0,1,0,0,0
156,296516,296516,OCTI,Cola_flavovelutina,Malvaceae,3/12/16,12,51,,NA,12,0,monecious,f,0,sweet,0,0,0,1,0,0,n,11:55,12:10,15,0.25,13,0,0,0,0,0,0,0,0,0,0,0,0,0
157,195700,195700,OCTI,Cola_flavovelutina,Malvaceae,3/9/16,9,58,,NA,0,32,monecious,m,0,sweet,0,0,0,1,0,0,n,8:38,9:23,30,0.5,0,2,0,0,0,0,0,2,0,0,0,0,0,0
158,173112,173112,OCTI,Cola_flavovelutina,Malvaceae,3/14/16,14,57,,NA,57,0,monecious,f,0,sweet,0,0,0,1,0,0,n,15:10,15:40,30,0.5,7,0,0,0,2,0,0,0,0,0,0,0,0,0
159,306186,306186,OCTI,Cola_flavovelutina,Malvaceae,3/12/16,12,32,,NA,0,10,monecious,m,0,sweet,0,0,0,1,0,0,n,11:30,11:45,15,0.25,0,0,1,0,0,0,0,0,0,0,0,0,0,0
160,195702,195702,OCTI,Cola_flavovelutina,Malvaceae,3/9/16,9,36,,NA,0,12,monecious,m,0,sweet,0,0,0,1,0,0,n,8:38,9:08,15,0.25,0,0,0,0,0,0,0,0,0,0,0,0,0,0
161,215737,215737,OCTI,Cola_flavovelutina,Malvaceae,3/10/16,10,49,,NA,0,6,monecious,m,0,sweet,0,0,0,1,0,0,n,10:10,10:40,30,0.5,0,0,0,0,0,0,0,0,0,0,0,0,0,0
162,241663,241663,OCTI,Cola_flavovelutina,Malvaceae,3/11/16,11,20,,NA,9,0,monecious,f,0,sweet,0,0,0,1,0,0,n,15:12,15:42,30,0.5,5,0,0,0,0,0,0,0,0,0,1,0,0,0
163,321350,321350,OCTI,Cola_flavovelutina,Malvaceae,3/11/16,11,156,,NA,0,24,monecious,m,0,sweet,0,0,0,1,0,0,n,11:27,11:41,15,0.25,2,0,0,0,0,0,0,0,0,0,1,0,0,0
164,336184,336184,OCTI,Cola_flavovelutina,Malvaceae,3/12/16,12,44,,NA,3,5,monecious,b,0,sweet,0,0,0,1,0,0,n,13:35,14:05,30,0.5,3,1,0,0,0,0,0,1,0,0,2,0,0,0
165,254055,254055,OCTI,Cola_flavovelutina,Malvaceae,4/2/16,33,27,,NA,6,6,monecious,b,0,sweet,0,0,0,1,0,0,n,14:02,14:47,45,0.75,5,0,0,0,0,0,0,0,0,0,1,0,0,0
166,251638,251638,OCTI,Cola_flavovelutina,Malvaceae,3/11/16,11,14,,NA,7,1,monecious,b,0,sweet,0,0,0,1,0,0,n,14:33,14:48,15,0.25,1,0,0,0,0,0,0,0,0,0,0,0,0,0
167,185677,185677,OCTI,Cola_flavovelutina,Malvaceae,3/4/16,4,NA,,NA,NA,,monecious,b,0,sweet,0,0,0,1,0,0,n,10:20,10:55,45,0.75,18,0,0,0,0,0,0,0,0,0,0,0,0,0
168,21_OCTI,21_OCTI,OCTI,Cola_flavovelutina,Malvaceae,3/4/16,4,NA,,NA,NA,,monecious,b,0,sweet,0,0,0,1,0,0,n,12:10,12:40,30,0.5,3,0,0,0,0,0,0,0,0,0,0,0,0,0
169,126725,126725,OCTI,Cola_flavovelutina,Malvaceae,3/5/16,5,NA,,NA,NA,,monecious,,0,sweet,0,0,0,1,0,0,n,12:14,12:34,20,0.333333333,2,0,0,0,0,0,0,0,0,0,0,0,0,0
170,134290,134290,OCTI,Cola_flavovelutina,Malvaceae,3/9/16,9,NA,,NA,NA,,monecious,b,0,sweet,0,0,0,1,0,0,n,13:35,13:50,15,0.25,0,0,0,0,0,0,1,1,0,0,0,0,0,0
171,95466,95466,OCTI,Cola_flavovelutina,Malvaceae,3/10/16,10,34,,NA,10,5,monecious,b,0,sweet,0,0,0,1,0,0,n,13:32,14:02,30,0.5,6,0,0,0,2,0,0,0,0,0,0,0,0,0
172,253852,253852,OCTI,Cola_flavovelutina,Malvaceae,4/5/16,36,26,,NA,4,5,monecious,b,0,sweet,0,0,0,1,0,0,n,10:40,10:55,15,0.25,0,0,0,0,0,0,0,0,0,0,0,0,0,0
173,20_PHSP,20_PHSP,PHSP,Phyllobotryon_spathulatum,Salicaceae,3/10/16,10,7,,6,NA,1,hermaphrodite-monecious-dioecious,h,0,sweet,0,0,0,1,0,0,p,14:03,14:32,45,0.75,0,2,0,0,0,0,0,2,0,0,0,0,0,0
174,14_,14_,PHSP,Phyllobotryon_spathulatum,Salicaceae,3/9/16,9,NA,,NA,NA,,hermaphrodite-monecious-dioecious,h,0,sweet,0,0,0,1,0,0,p,13:17,13:32,15,0.25,0,0,0,0,0,0,0,0,0,0,0,0,0,0
175,8_,8_,PHSP,Phyllobotryon_spathulatum,Salicaceae,3/10/16,10,21,,NA,2,2,hermaphrodite-monecious-dioecious,h,0,sweet,0,0,0,1,0,0,p,14:03,14:32,30,0.5,0,2,0,0,0,0,0,2,0,0,0,0,0,0
176,386196,386196,PHSP,Phyllobotryon_spathulatum,Salicaceae,3/12/16,12,17,,7,NA,,hermaphrodite-monecious-dioecious,h,0,sweet,0,0,0,1,0,0,p,12:07,12:38,30,0.5,1,1,0,0,0,0,0,1,0,0,0,0,0,0
177,205623,205623,PHSP,Phyllobotryon_spathulatum,Salicaceae,3/6/16,6,NA,,NA,NA,,hermaphrodite-monecious-dioecious,h,0,sweet,0,0,0,1,0,0,p,13:19,13:34,15,0.25,0,0,1,0,0,0,0,0,0,0,0,0,0,0
178,213238,213238,PHSP,Phyllobotryon_spathulatum,Salicaceae,3/8/16,8,NA,,NA,NA,,hermaphrodite-monecious-dioecious,h,0,sweet,0,0,0,1,0,0,p,9:24,9:39,15,0.25,0,0,0,0,0,0,0,0,0,0,0,0,0,0
179,235341,235341,PHSP,Phyllobotryon_spathulatum,Salicaceae,3/7/16,7,60,,10,NA,6,hermaphrodite-monecious-dioecious,h,0,sweet,0,0,0,1,0,0,p,8:31,8:46,15,0.25,0,0,2,0,0,0,0,0,0,0,0,0,0,0
180,32_PHSP,32_PHSP,PHSP,Phyllobotryon_spathulatum,Salicaceae,3/11/16,11,129,,2,NA,3,hermaphrodite-monecious-dioecious,h,0,sweet,0,0,0,1,0,0,p,11:58,12:28,30,0.5,0,0,0,0,0,0,0,0,0,0,0,0,0,0
181,290669,290669,PHSP,Phyllobotryon_spathulatum,Salicaceae,3/11/16,11,38,,8,NA,2,hermaphrodite-monecious-dioecious,h,0,sweet,0,0,0,1,0,0,p,10:28,10:58,30,0.5,2,2,1,0,0,0,0,2,0,0,0,0,0,0
182,3_PHSP,3_PHSP,PHSP,Phyllobotryon_spathulatum,Salicaceae,3/3/16,3,NA,,NA,NA,,hermaphrodite-monecious-dioecious,h,0,sweet,0,0,0,1,0,0,p,14:15,14:45,30,0.5,0,0,0,0,0,0,0,0,0,0,0,0,0,0
183,1310276,1310276,PHSP,Phyllobotryon_spathulatum,Salicaceae,3/3/16,3,15,,1,NA,3,hermaphrodite-monecious-dioecious,h,0,sweet,0,0,0,1,0,0,p,12:42,13:12,30,0.5,0,4,0,0,0,0,0,4,0,0,0,0,0,0
184,30_PHSP,30_PHSP,PHSP,Phyllobotryon_spathulatum,Salicaceae,3/12/16,12,55,,7,NA,3,hermaphrodite-monecious-dioecious,h,0,sweet,0,0,0,1,0,0,p,11:00,11:30,60,1,0,5,0,0,0,0,0,5,0,0,0,0,0,0
185,361777,361777,RINA,Rinorea_kamerunensis,Violaceae,3/24/16,24,30,,8,NA,,hermaphrodite,h,1,sweet,0,0,0,1,0,0,n,12:07,12:37,30,0.5,0,0,0,0,0,0,0,0,0,0,0,0,0,0
186,194074,194074,RINA,Rinorea_kamerunensis,Violaceae,3/21/16,21,90,,72,NA,,hermaphrodite,h,1,sweet,0,0,0,1,0,0,n,11:04,11:34,30,0.5,0,4,0,0,0,0,0,4,0,0,0,0,0,0
187,235411,235411,RINA,Rinorea_kamerunensis,Violaceae,3/6/16,6,NA,,NA,NA,,hermaphrodite,h,1,sweet,0,0,0,1,0,0,n,15:40,15:55,15,0.25,0,1,0,0,0,0,0,1,0,0,0,0,0,0
188,265677,265677,RINA,Rinorea_kamerunensis,Violaceae,3/16/16,16,5723,,5723,NA,,hermaphrodite,h,1,sweet,0,0,0,1,0,0,n,14:39,15:09,30,0.5,0,2,0,0,0,1,0,2,0,0,0,0,0,0
189,2810603,2810603,RINA,Rinorea_kamerunensis,Violaceae,3/17/16,17,117,,23,NA,,hermaphrodite,h,1,sweet,0,0,0,1,0,0,n,11:12,12:12,60,1,1,5,0,0,0,0,0,5,0,0,0,0,0,0
190,293353,293353,RINA,Rinorea_kamerunensis,Violaceae,3/26/16,26,97,,23,NA,,hermaphrodite,h,1,sweet,0,0,0,1,0,0,n,14:35,15:05,30,0.5,0,3,0,0,0,1,0,3,0,0,0,0,0,0
191,21_RINA,21_RINA,RINA,Rinorea_kamerunensis,Violaceae,3/10/16,10,85,,4,NA,,hermaphrodite,h,1,sweet,0,0,0,1,0,0,n,10:40,11:10,30,0.5,0,1,1,0,0,0,0,1,0,0,0,0,0,0
192,22_RINA,22_RINA,RINA,Rinorea_kamerunensis,Violaceae,3/10/16,10,50,,3,NA,,hermaphrodite,h,1,sweet,0,0,0,1,0,0,n,11:25,11:55,30,0.5,2,0,1,0,0,0,0,0,0,0,0,0,0,0
193,38_RINA,38_RINA,RINA,Rinorea_kamerunensis,Violaceae,3/12/16,12,635,,26,NA,,hermaphrodite,h,1,sweet,0,0,0,1,0,0,n,9:45,10:30,45,0.75,1,2,0,0,0,0,0,2,0,0,0,0,0,0
194,343794,343794,RINI,Rinorea_leiophylla,Violaceae,3/8/16,8,210,,70,NA,,hermaphrodite,h,1,sweet,0,0,0,1,0,0,n,11:28,11:43,15,0.25,0,7,0,0,0,1,1,8,0,0,0,0,0,0
195,334041,334041,RINI,Rinorea_leiophylla,Violaceae,3/8/16,8,5,,12,NA,,hermaphrodite,h,1,sweet,0,0,0,1,0,0,n,11:28,11:43,15,0.25,0,3,0,0,0,1,0,3,0,0,0,0,0,0
196,251492,251492,RINI,Rinorea_leiophylla,Violaceae,3/11/16,11,18,,14,NA,,hermaphrodite,h,1,sweet,0,0,0,1,0,0,n,14:35,15:05,30,0.5,0,0,0,0,0,0,0,0,0,0,0,0,0,0
197,290682,290682,RINI,Rinorea_leiophylla,Violaceae,3/11/16,11,10,,21,NA,,hermaphrodite,h,1,sweet,0,0,0,1,0,0,n,10:28,10:58,30,0.5,0,0,0,0,0,0,1,1,0,0,0,0,0,0
198,220179,220179,RINI,Rinorea_leiophylla,Violaceae,3/15/16,15,26,,135,NA,,hermaphrodite,h,1,sweet,0,0,0,1,0,0,n,8:50,9:20,30,0.5,0,2,0,0,0,0,0,2,0,0,0,0,0,0
199,220557,220557,RINI,Rinorea_leiophylla,Violaceae,3/15/16,15,15,,105,NA,,hermaphrodite,h,1,sweet,0,0,0,1,0,0,n,8:50,9:20,30,0.5,0,3,0,0,0,0,0,3,0,0,0,0,0,0
200,323968,323968,TRAC,Trichoscypha_acuminata,Anacadriaceae,3/17/16,17,126142,,NA,NA,38400,dioecious,m,0,none,0,0,0,0,1,0,n,14:53,15:08,15,0.25,0,11,0,0,0,1,0,11,0,0,0,0,0,0
201,323968,323968,TRAC,Trichoscypha_acuminata,Anacadriaceae,3/17/16,17,126142,,NA,NA,38400,dioecious,m,0,none,0,0,0,0,1,0,n,15:08,15:23,15,0.25,0,17,0,1,0,3,0,17,2,0,0,0,0,0
202,323968,323968,TRAC,Trichoscypha_acuminata,Anacadriaceae,3/17/16,17,126142,,NA,NA,38400,dioecious,m,0,none,0,0,0,0,1,0,n,15:23,15:38,15,0.25,0,12,0,0,0,0,1,13,1,0,0,0,0,0
203,323968,323968,TRAC,Trichoscypha_acuminata,Anacadriaceae,3/17/16,17,126142,,NA,NA,38400,dioecious,m,0,none,0,0,0,0,1,0,n,15:38,15:53,15,0.25,0,13,0,1,0,2,1,14,0,0,0,0,0,0
204,3920043,3920043,TRI3,Trichoscypha_kleinei,Anacadriaceae,3/22/16,22,0,,NA,NA,285,dioecious,m,0,none,0,0,0,0,1,0,u,12:40,12:55,15,0.25,0,0,2,0,5,0,0,0,0,0,1,0,0,0
205,301793,301793,TRI3,Trichoscypha_kleinei,Anacadriaceae,3/26/16,26,0,,NA,NA,512,dioecious,m,0,none,0,0,0,0,1,0,u,13:30,14:00,30,0.5,1,1,0,0,0,1,0,1,0,0,0,0,0,0
206,363061,363061,TRI3,Trichoscypha_kleinei,Anacadriaceae,3/28/16,28,0,,NA,NA,1900,dioecious,m,0,none,0,0,0,0,1,0,u,14:25,14:40,15,0.25,0,0,0,0,0,0,0,0,0,0,0,0,0,0
207,124338,124338,TRI3,Trichoscypha_kleinei,Anacadriaceae,3/5/16,36,0,,NA,0,407,dioecious,m,0,none,0,0,0,0,1,0,u,13:57,14:12,15,0.25,0,0,1,0,1,0,0,0,0,0,0,0,0,0
208,3610317,3610317,TRI3,Trichoscypha_kleinei,Anacadriaceae,3/25/16,25,0,,NA,NA,1288,dioecious,m,0,none,0,0,0,0,1,0,u,14:15,14:45,30,0.5,0,0,2,0,0,1,0,0,0,0,0,0,0,0
209,351413,351413,TRI3,Trichoscypha_kleinei,Anacadriaceae,3/25/16,26,0,,NA,88,,dioecious,f,0,none,0,0,0,0,1,0,u,10:15,11:00,15,0.25,3,0,0,0,0,0,0,0,0,0,0,0,0,1
210,321587,321587,TRI3,Trichoscypha_kleinei,Anacadriaceae,3/26/16,26,1152,,NA,NA,2176,dioecious,m,0,none,0,0,0,0,1,0,u,10:18,10:48,30,0.5,0,4,0,0,0,0,0,4,0,0,0,0,0,0
211,331885,331885,TRI3,Trichoscypha_kleinei,Anacadriaceae,3/26/16,26,70,,NA,NA,140,dioecious,m,0,none,0,0,0,0,1,0,u,10:07,10:37,30,0.5,3,1,1,0,1,0,0,1,0,0,0,0,0,0
212,306329,306329,TRI3,Trichoscypha_kleinei,Anacadriaceae,3/26/16,26,550,,NA,NA,350,dioecious,m,0,none,0,0,0,0,1,0,u,14:53,15:23,30,0.5,7,6,2,0,2,0,0,6,0,7,0,0,0,0
213,3510190,3510190,TRI3,Trichoscypha_kleinei,Anacadriaceae,3/28/16,28,0,,NA,NA,418,dioecious,m,0,none,0,0,0,0,1,0,u,14:25,14:55,30,0.5,3,0,2,0,2,3,0,0,0,0,0,0,0,0
214,284081,284081,TRI3,Trichoscypha_kleinei,Anacadriaceae,3/30/16,30,0,,NA,130,,dioecious,f,0,none,0,0,0,0,1,0,u,13:01,13:16,15,0.25,0,0,0,0,0,0,0,0,0,0,0,0,0,0
215,256398,256398,TRI3,Trichoscypha_kleinei,Anacadriaceae,3/30/16,30,144,,NA,336,,dioecious,f,0,none,0,0,0,0,1,0,u,15:20,15:35,15,0.25,0,5,0,0,0,0,0,5,0,0,1,0,0,0
216,331859,331859,UVBA,Uvariopsis_bakeriana,Annonaceae,3/19/16,19,47,,NA,11,0,dioecious-monecious,,0,spicy,0,0,1,0,0,0,s,12:23,12:53,30,0.5,0,0,3,0,0,0,0,0,0,0,0,0,0,0
217,192441,192441,UVBA,Uvariopsis_bakeriana,Annonaceae,3/16/16,16,7,,NA,0,3,dioecious-monecious,,0,spicy,0,0,1,0,0,0,s,10:10,10:25,15,0.25,0,0,0,0,0,0,0,0,0,0,0,0,0,0
218,221249,221249,UVBA,Uvariopsis_bakeriana,Annonaceae,3/20/16,20,9,,NA,NA,4,dioecious-monecious,,0,spicy,0,0,1,0,0,0,s,10:28,10:58,30,0.5,0,0,0,0,0,0,0,0,0,0,0,0,0,0
219,206821,206821,UVBA,Uvariopsis_bakeriana,Annonaceae,3/21/16,21,1,,NA,1,1,dioecious-monecious,,0,spicy,0,0,1,0,0,0,s,8:58,9:13,15,0.25,0,0,0,0,0,1,0,0,0,0,0,1,0,0
220,396165,396165,UVBA,Uvariopsis_bakeriana,Annonaceae,3/22/16,22,9,,NA,NA,38,dioecious-monecious,,0,spicy,0,0,1,0,0,0,s,11:15,11:30,15,0.25,0,0,1,0,0,3,0,0,0,0,0,1,0,0
221,385962,385962,UVBA,Uvariopsis_bakeriana,Annonaceae,3/22/16,22,3,,NA,32,,dioecious-monecious,,0,spicy,0,0,1,0,0,0,s,10:40,11:10,30,0.5,3,1,1,0,0,0,0,1,0,0,0,0,0,0
222,376790,376790,UVBA,Uvariopsis_bakeriana,Annonaceae,3/22/16,22,3,,NA,0,3,dioecious-monecious,,0,spicy,0,0,1,0,0,0,s,10:25,11:55,90,1.5,0,0,0,0,0,0,0,0,0,0,0,0,0,0
223,373307,373307,UVBA,Uvariopsis_bakeriana,Annonaceae,3/23/16,23,1,,NA,102,0,dioecious-monecious,,0,spicy,0,0,1,0,0,0,s,13:40,14:20,30,0.5,3,0,0,0,0,5,0,0,0,0,2,0,0,0